Airline,Source,Destination,Duration,Total stops,Departure time,Arrival time,Price,Year,Month,Day
Emirates,TLV,BKK,13,1,12,7,475,2023,2,10
Royal Jordanian,TLV,BKK,9,1,23,14,532,2023,2,10
Multiple companies,TLV,BKK,37,3,9,4,269,2023,2,10
Emirates,TLV,BKK,13,1,12,7,460,2023,2,10
Wizz Air,TLV,BKK,15,2,9,6,391,2023,2,10
Royal Jordanian,TLV,BKK,15,1,17,14,447,2023,2,10
Emirates,TLV,BKK,14,1,11,7,460,2023,2,10
Ethiopian Air,TLV,BKK,22,1,9,12,492,2023,2,10
Emirates,TLV,BKK,13,1,23,18,501,2023,2,10
Wizz Air,TLV,BKK,23,2,9,14,317,2023,2,10
Wizz Air Abu Dhabi,TLV,BKK,22,2,9,13,334,2023,2,10
Wizz Air Abu Dhabi,TLV,BKK,20,2,9,11,344,2023,2,10
Wizz Air Abu Dhabi,TLV,BKK,15,2,9,6,422,2023,2,10
Turkish Airlines,TLV,BKK,13,1,15,10,810,2023,2,10
Multiple companies,TLV,BKK,23,2,9,14,327,2023,2,10
Multiple companies,TLV,BKK,20,3,9,11,377,2023,2,10
EL AL,TLV,BKK,18,2,13,13,420,2023,2,10
Emirates,TLV,BKK,13,1,12,7,475,2023,2,11
Royal Jordanian,TLV,BKK,9,1,23,14,507,2023,2,11
Multiple companies,TLV,BKK,38,3,9,4,242,2023,2,11
Emirates,TLV,BKK,13,1,12,7,457,2023,2,11
Etihad Airways,TLV,BKK,13,1,13,7,501,2023,2,11
Emirates,TLV,BKK,12,1,18,12,503,2023,2,11
Air India,TLV,BKK,16,1,22,19,395,2023,2,11
Emirates,TLV,BKK,14,1,11,7,462,2023,2,11
Emirates,TLV,BKK,13,1,0,18,522,2023,2,11
Emirates,TLV,BKK,13,1,18,12,599,2023,2,11
Emirates,TLV,BKK,19,1,18,18,462,2023,2,11
Emirates,TLV,BKK,16,1,9,7,475,2023,2,11
Arkia,TLV,BKK,14,2,6,2,487,2023,2,11
Emirates,TLV,BKK,13,1,23,18,537,2023,2,11
EL AL,TLV,BKK,10,0,22,14,761,2023,2,11
Wizz Air,TLV,BKK,22,2,9,13,297,2023,2,11
Wizz Air Abu Dhabi,TLV,BKK,21,2,9,11,317,2023,2,11
Emirates,TLV,BKK,14,1,11,7,475,2023,2,12
Emirates,TLV,BKK,14,1,11,7,475,2023,2,12
Emirates,TLV,BKK,13,1,23,18,475,2023,2,12
EL AL,TLV,BKK,10,0,23,14,514,2023,2,12
Emirates,TLV,BKK,13,1,18,12,559,2023,2,12
EL AL,TLV,BKK,10,0,20,12,596,2023,2,12
Emirates,TLV,BKK,25,1,11,18,475,2023,2,12
Gulf Air,TLV,BKK,15,1,12,8,496,2023,2,12
Emirates,TLV,BKK,13,1,12,7,517,2023,2,12
Ethiopian Air,TLV,BKK,22,1,9,12,504,2023,2,12
Emirates,TLV,BKK,13,1,0,18,615,2023,2,12
Thai Airways,TLV,BKK,10,0,23,14,827,2023,2,12
Ethiopian Air,TLV,BKK,30,1,0,12,504,2023,2,12
Emirates,TLV,BKK,32,1,23,12,517,2023,2,12
Emirates,TLV,BKK,32,1,18,7,517,2023,2,12
Emirates,TLV,BKK,19,1,12,12,559,2023,2,12
Cathay Pacific,TLV,BKK,15,1,14,10,527,2023,2,13
EL AL,TLV,BKK,10,0,20,12,457,2023,2,13
EL AL,TLV,BKK,10,0,23,14,514,2023,2,13
Etihad Airways,TLV,BKK,13,1,13,7,475,2023,2,13
Emirates,TLV,BKK,13,1,0,18,475,2023,2,13
Emirates,TLV,BKK,13,1,12,7,475,2023,2,13
Emirates,TLV,BKK,14,1,11,7,475,2023,2,13
Emirates,TLV,BKK,19,1,12,12,475,2023,2,13
Emirates,TLV,BKK,19,1,11,12,475,2023,2,13
Emirates,TLV,BKK,26,1,23,7,475,2023,2,13
Emirates,TLV,BKK,31,1,0,12,475,2023,2,13
Cathay Pacific,TLV,BKK,15,1,14,10,527,2023,2,13
EL AL,TLV,BKK,13,1,17,11,572,2023,2,13
Thai Airways,TLV,BKK,10,0,20,12,827,2023,2,13
Emirates,TLV,BKK,25,1,11,18,475,2023,2,13
Emirates,TLV,BKK,32,1,18,7,475,2023,2,13
Emirates,TLV,BKK,14,1,11,7,475,2023,2,14
EL AL,TLV,BKK,10,0,20,12,585,2023,2,14
Wizz Air Abu Dhabi,TLV,BKK,37,2,20,14,261,2023,2,14
EL AL,TLV,BKK,14,2,12,8,366,2023,2,14
Etihad Airways,TLV,BKK,13,1,13,7,474,2023,2,14
Cathay Pacific,TLV,BKK,15,1,14,11,504,2023,2,14
EL AL,TLV,BKK,10,0,23,14,585,2023,2,14
Wizz Air Abu Dhabi,TLV,BKK,22,2,9,13,314,2023,2,14
Wizz Air Abu Dhabi,TLV,BKK,20,2,9,11,330,2023,2,14
ISRAIR,TLV,BKK,16,2,10,8,364,2023,2,14
Multiple companies,TLV,BKK,14,2,16,11,402,2023,2,14
Air India,TLV,BKK,16,1,22,19,450,2023,2,14
Emirates,TLV,BKK,14,1,11,7,463,2023,2,14
Emirates,TLV,BKK,13,1,12,7,468,2023,2,14
Emirates,TLV,BKK,13,1,18,12,503,2023,2,14
flydubai,TLV,BKK,14,2,12,8,403,2023,2,14
flydubai,TLV,BKK,17,2,9,8,403,2023,2,14
Emirates,TLV,BKK,13,1,12,7,475,2023,2,15
Etihad Airways,TLV,BKK,16,2,13,11,437,2023,2,15
Etihad Airways,TLV,BKK,13,1,13,7,475,2023,2,15
Emirates,TLV,BKK,13,1,12,7,475,2023,2,15
EL AL,TLV,BKK,10,0,23,14,912,2023,2,15
Emirates,TLV,BKK,13,1,18,12,559,2023,2,15
Emirates,TLV,BKK,25,1,11,18,475,2023,2,15
Gulf Air,TLV,BKK,19,1,8,8,496,2023,2,15
Ethiopian Air,TLV,BKK,22,1,9,12,504,2023,2,15
Royal Jordanian,TLV,BKK,15,1,17,14,531,2023,2,15
Emirates,TLV,BKK,26,1,0,7,475,2023,2,15
Emirates,TLV,BKK,26,1,23,7,475,2023,2,15
Emirates,TLV,BKK,32,1,18,7,475,2023,2,15
Ethiopian Air,TLV,BKK,30,1,0,12,504,2023,2,15
Emirates,TLV,BKK,32,1,23,12,517,2023,2,15
Emirates,TLV,BKK,19,1,12,12,559,2023,2,15
Emirates,TLV,BKK,14,1,11,7,475,2023,2,16
Emirates,TLV,BKK,13,1,18,12,500,2023,2,16
Multiple companies,TLV,BKK,37,3,10,4,279,2023,2,16
EL AL,TLV,BKK,10,0,23,14,665,2023,2,16
Wizz Air,TLV,BKK,23,2,10,14,287,2023,2,16
Wizz Air Abu Dhabi,TLV,BKK,21,2,10,13,315,2023,2,16
Wizz Air Abu Dhabi,TLV,BKK,20,2,10,11,336,2023,2,16
Multiple companies,TLV,BKK,14,2,17,13,436,2023,2,16
Emirates,TLV,BKK,14,1,11,7,459,2023,2,16
Emirates,TLV,BKK,13,1,12,7,467,2023,2,16
Cathay Pacific,TLV,BKK,15,1,14,10,506,2023,2,16
Wizz Air Abu Dhabi,TLV,BKK,23,2,10,14,296,2023,2,16
Multiple companies,TLV,BKK,16,2,17,14,423,2023,2,16
Multiple companies,TLV,BKK,15,2,17,14,433,2023,2,16
Emirates,TLV,BKK,19,1,11,12,475,2023,2,16
Cathay Pacific,TLV,BKK,15,1,14,11,505,2023,2,16
Cathay Pacific,TLV,BKK,17,1,14,12,505,2023,2,16
Emirates,TLV,BKK,13,1,23,18,475,2023,2,17
Etihad Airways,TLV,BKK,13,1,13,7,475,2023,2,17
Emirates,TLV,BKK,13,1,23,18,475,2023,2,17
Emirates,TLV,BKK,14,1,17,12,517,2023,2,17
Emirates,TLV,BKK,14,1,11,7,475,2023,2,17
Emirates,TLV,BKK,13,1,12,7,517,2023,2,17
Emirates,TLV,BKK,14,1,17,12,517,2023,2,17
Etihad Airways,TLV,BKK,16,2,13,11,475,2023,2,17
Emirates,TLV,BKK,16,1,9,7,517,2023,2,17
Emirates,TLV,BKK,20,1,17,18,475,2023,2,17
Emirates,TLV,BKK,26,1,23,7,475,2023,2,17
Emirates,TLV,BKK,19,1,12,12,517,2023,2,17
Emirates,TLV,BKK,19,1,11,12,517,2023,2,17
Royal Jordanian,TLV,BKK,15,1,17,14,762,2023,2,17
Royal Jordanian,TLV,BKK,9,1,23,14,1885,2023,2,17
Emirates,TLV,BKK,25,1,11,18,475,2023,2,17
Emirates,TLV,BKK,12,1,18,12,475,2023,2,18
Air India,TLV,BKK,16,1,22,19,349,2023,2,18
Emirates,TLV,BKK,12,1,18,12,475,2023,2,18
Etihad Airways,TLV,BKK,13,1,13,7,437,2023,2,18
EL AL,TLV,BKK,10,0,22,14,774,2023,2,18
Emirates,TLV,BKK,13,1,0,18,475,2023,2,18
Emirates,TLV,BKK,13,1,12,7,475,2023,2,18
Emirates,TLV,BKK,13,1,18,12,517,2023,2,18
Etihad Airways,TLV,BKK,16,2,13,11,437,2023,2,18
Emirates,TLV,BKK,14,1,11,7,475,2023,2,18
Emirates,TLV,BKK,19,1,18,18,475,2023,2,18
Emirates,TLV,BKK,16,1,9,7,475,2023,2,18
Emirates,TLV,BKK,19,1,11,12,475,2023,2,18
Emirates,TLV,BKK,25,1,12,18,475,2023,2,18
Emirates,TLV,BKK,26,1,0,7,475,2023,2,18
Emirates,TLV,BKK,25,1,11,18,475,2023,2,18
Emirates,TLV,BKK,13,1,0,18,475,2023,2,19
EL AL,TLV,BKK,10,0,20,12,461,2023,2,19
EL AL,TLV,BKK,10,0,23,14,519,2023,2,19
Thai Airways,TLV,BKK,10,0,20,12,728,2023,2,19
Emirates,TLV,BKK,13,1,0,18,475,2023,2,19
Emirates,TLV,BKK,13,1,23,18,475,2023,2,19
Emirates,TLV,BKK,14,1,11,7,475,2023,2,19
Emirates,TLV,BKK,19,1,18,18,475,2023,2,19
Emirates,TLV,BKK,13,1,18,12,517,2023,2,19
Emirates,TLV,BKK,13,1,12,7,517,2023,2,19
Cathay Pacific,TLV,BKK,15,1,14,10,527,2023,2,19
Thai Airways,TLV,BKK,10,0,23,14,938,2023,2,19
Emirates,TLV,BKK,25,1,11,18,475,2023,2,19
Emirates,TLV,BKK,26,1,0,7,475,2023,2,19
Gulf Air,TLV,BKK,15,1,12,8,495,2023,2,19
Cathay Pacific,TLV,BKK,15,1,14,11,527,2023,2,19
Emirates,TLV,BKK,13,1,18,12,475,2023,2,20
EL AL,TLV,BKK,10,0,23,14,448,2023,2,20
Multiple companies,TLV,BKK,37,3,10,4,259,2023,2,20
Royal Jordanian,TLV,BKK,9,1,23,14,455,2023,2,20
Royal Jordanian,TLV,BKK,15,1,17,14,418,2023,2,20
Emirates,TLV,BKK,13,1,18,12,463,2023,2,20
Emirates,TLV,BKK,14,1,11,7,463,2023,2,20
Emirates,TLV,BKK,13,1,0,18,463,2023,2,20
Emirates,TLV,BKK,13,1,12,7,504,2023,2,20
Cathay Pacific,TLV,BKK,15,1,14,10,505,2023,2,20
Cathay Pacific,TLV,BKK,16,1,14,11,505,2023,2,20
Thai Airways,TLV,BKK,10,0,23,14,710,2023,2,20
Emirates,TLV,BKK,19,1,11,12,463,2023,2,20
Multiple companies,TLV,BKK,14,2,11,7,480,2023,2,20
Multiple companies,TLV,BKK,16,2,11,9,481,2023,2,20
Multiple companies,TLV,BKK,15,2,12,9,491,2023,2,20
EL AL,TLV,BKK,15,2,6,2,501,2023,2,20
Emirates,TLV,BKK,13,1,18,12,475,2023,2,21
EL AL,TLV,BKK,10,0,20,12,461,2023,2,21
Air India,TLV,BKK,16,1,22,19,349,2023,2,21
Etihad Airways,TLV,BKK,13,1,13,7,437,2023,2,21
EL AL,TLV,BKK,10,0,23,14,461,2023,2,21
Emirates,TLV,BKK,13,1,18,12,475,2023,2,21
Emirates,TLV,BKK,13,1,12,7,475,2023,2,21
Etihad Airways,TLV,BKK,16,2,13,11,437,2023,2,21
Emirates,TLV,BKK,13,1,23,18,475,2023,2,21
Emirates,TLV,BKK,14,1,11,7,475,2023,2,21
Thai Airways,TLV,BKK,10,0,20,12,728,2023,2,21
Thai Airways,TLV,BKK,10,0,23,14,728,2023,2,21
Emirates,TLV,BKK,19,1,12,12,475,2023,2,21
Emirates,TLV,BKK,19,1,11,12,475,2023,2,21
Emirates,TLV,BKK,19,1,18,18,475,2023,2,21
Emirates,TLV,BKK,19,1,11,12,475,2023,2,21
Emirates,TLV,BKK,13,1,18,12,475,2023,2,22
Emirates,TLV,BKK,13,1,18,12,472,2023,2,22
Wizz Air,TLV,BKK,35,3,22,14,295,2023,2,22
Royal Jordanian,TLV,BKK,15,1,17,14,421,2023,2,22
Emirates,TLV,BKK,13,1,0,18,472,2023,2,22
Emirates,TLV,BKK,14,1,11,7,472,2023,2,22
Emirates,TLV,BKK,13,1,12,7,510,2023,2,22
Etihad Airways,TLV,BKK,13,1,13,7,555,2023,2,22
Etihad Airways,TLV,BKK,16,2,13,11,415,2023,2,22
Emirates,TLV,BKK,13,1,23,18,472,2023,2,22
Emirates,TLV,BKK,16,1,9,7,472,2023,2,22
EL AL,TLV,BKK,10,0,23,14,666,2023,2,22
Royal Jordanian,TLV,BKK,9,1,23,14,731,2023,2,22
Gulf Air,TLV,BKK,14,2,8,4,384,2023,2,22
Gulf Air,TLV,BKK,19,1,8,8,451,2023,2,22
Pegasus Airlines,TLV,BKK,15,2,10,6,568,2023,2,22
Emirates,TLV,BKK,19,1,11,12,472,2023,2,22
Cathay Pacific,TLV,BKK,15,1,14,10,527,2023,2,23
Emirates,TLV,BKK,13,1,18,12,475,2023,2,23
Emirates,TLV,BKK,13,1,12,7,475,2023,2,23
Etihad Airways,TLV,BKK,13,1,13,7,501,2023,2,23
EL AL,TLV,BKK,10,0,23,14,600,2023,2,23
Emirates,TLV,BKK,13,1,0,18,475,2023,2,23
Emirates,TLV,BKK,13,1,23,18,475,2023,2,23
Emirates,TLV,BKK,14,1,11,7,475,2023,2,23
Emirates,TLV,BKK,16,1,9,7,475,2023,2,23
Cathay Pacific,TLV,BKK,15,1,14,10,527,2023,2,23
Cathay Pacific,TLV,BKK,15,1,14,11,527,2023,2,23
Pegasus Airlines,TLV,BKK,15,2,10,6,549,2023,2,23
Emirates,TLV,BKK,19,1,12,12,475,2023,2,23
Emirates,TLV,BKK,19,1,18,18,475,2023,2,23
Emirates,TLV,BKK,19,1,11,12,475,2023,2,23
Emirates,TLV,BKK,19,1,11,12,517,2023,2,23
Emirates,TLV,BKK,13,1,18,12,475,2023,2,24
Etihad Airways,TLV,BKK,13,1,13,7,437,2023,2,24
Emirates,TLV,BKK,13,1,18,12,475,2023,2,24
Emirates,TLV,BKK,13,1,12,7,475,2023,2,24
Royal Jordanian,TLV,BKK,15,1,17,14,439,2023,2,24
Emirates,TLV,BKK,13,1,0,18,475,2023,2,24
Emirates,TLV,BKK,13,1,23,18,475,2023,2,24
Emirates,TLV,BKK,14,1,11,7,475,2023,2,24
Etihad Airways,TLV,BKK,16,2,13,11,437,2023,2,24
Emirates,TLV,BKK,16,1,9,7,475,2023,2,24
Emirates,TLV,BKK,19,1,18,18,475,2023,2,24
Emirates,TLV,BKK,19,1,11,12,475,2023,2,24
Emirates,TLV,BKK,19,1,12,12,517,2023,2,24
Emirates,TLV,BKK,19,1,11,12,559,2023,2,24
Pegasus Airlines,TLV,BKK,15,2,10,6,753,2023,2,24
Emirates,TLV,BKK,25,1,12,18,475,2023,2,24
Emirates,TLV,BKK,13,1,18,12,475,2023,2,26
EL AL,TLV,BKK,10,0,20,12,461,2023,2,26
EL AL,TLV,BKK,10,0,23,14,461,2023,2,26
Thai Airways,TLV,BKK,10,0,20,12,728,2023,2,26
Emirates,TLV,BKK,13,1,18,12,475,2023,2,26
Emirates,TLV,BKK,12,1,18,12,517,2023,2,26
Thai Airways,TLV,BKK,10,0,23,14,833,2023,2,26
Emirates,TLV,BKK,13,1,23,18,475,2023,2,26
Emirates,TLV,BKK,14,1,11,7,475,2023,2,26
Emirates,TLV,BKK,13,1,0,18,517,2023,2,26
Emirates,TLV,BKK,13,1,12,7,517,2023,2,26
Etihad Airways,TLV,BKK,13,1,13,7,688,2023,2,26
Emirates,TLV,BKK,19,1,18,18,475,2023,2,26
Gulf Air,TLV,BKK,15,1,12,8,495,2023,2,26
Emirates,TLV,BKK,16,1,9,7,517,2023,2,26
Cathay Pacific,TLV,BKK,15,1,14,11,527,2023,2,26
Cathay Pacific,TLV,BKK,15,1,14,10,527,2023,2,27
EL AL,TLV,BKK,10,0,20,12,461,2023,2,27
EL AL,TLV,BKK,10,0,23,14,424,2023,2,27
Etihad Airways,TLV,BKK,13,1,13,7,475,2023,2,27
Emirates,TLV,BKK,13,1,18,12,475,2023,2,27
Emirates,TLV,BKK,13,1,12,7,475,2023,2,27
Emirates,TLV,BKK,13,1,0,18,475,2023,2,27
Emirates,TLV,BKK,13,1,23,18,475,2023,2,27
Cathay Pacific,TLV,BKK,15,1,14,10,527,2023,2,27
Cathay Pacific,TLV,BKK,16,1,14,11,527,2023,2,27
Etihad Airways,TLV,BKK,16,2,13,11,437,2023,2,27
Emirates,TLV,BKK,16,1,9,7,475,2023,2,27
Emirates,TLV,BKK,19,1,12,12,475,2023,2,27
Emirates,TLV,BKK,19,1,18,18,475,2023,2,27
Emirates,TLV,BKK,19,1,11,12,475,2023,2,27
Gulf Air,TLV,BKK,19,1,8,8,505,2023,2,27
Emirates,TLV,BKK,13,1,18,12,475,2023,2,28
EL AL,TLV,BKK,10,0,20,12,445,2023,2,28
Wizz Air Abu Dhabi,TLV,BKK,37,2,20,14,271,2023,2,28
Royal Jordanian,TLV,BKK,9,1,23,14,444,2023,2,28
Etihad Airways,TLV,BKK,13,1,13,7,437,2023,2,28
EL AL,TLV,BKK,10,0,23,14,501,2023,2,28
Air India,TLV,BKK,16,1,22,19,339,2023,2,28
Emirates,TLV,BKK,13,1,18,12,458,2023,2,28
Emirates,TLV,BKK,13,1,0,18,458,2023,2,28
Emirates,TLV,BKK,13,1,12,7,458,2023,2,28
Emirates,TLV,BKK,13,1,23,18,458,2023,2,28
Emirates,TLV,BKK,14,1,11,7,458,2023,2,28
Emirates,TLV,BKK,12,1,18,12,498,2023,2,28
EL AL,TLV,BKK,14,2,12,8,409,2023,2,28
Multiple companies,TLV,BKK,14,2,16,11,418,2023,2,28
Etihad Airways,TLV,BKK,16,2,13,11,437,2023,2,28
Emirates,TLV,BKK,16,1,9,7,458,2023,2,28
Emirates,TLV,BKK,13,1,18,12,475,2023,3,1
Etihad Airways,TLV,BKK,13,1,13,7,437,2023,3,1
Gulf Air,TLV,BKK,19,1,8,8,390,2023,3,1
Emirates,TLV,BKK,13,1,18,12,475,2023,3,1
EL AL,TLV,BKK,10,0,23,15,584,2023,3,1
Royal Jordanian,TLV,BKK,15,1,17,14,438,2023,3,1
Emirates,TLV,BKK,14,1,11,7,475,2023,3,1
Emirates,TLV,BKK,12,1,18,12,615,2023,3,1
Etihad Airways,TLV,BKK,16,2,13,11,475,2023,3,1
Emirates,TLV,BKK,13,1,0,18,615,2023,3,1
Emirates,TLV,BKK,13,1,23,18,615,2023,3,1
Emirates,TLV,BKK,19,1,18,18,475,2023,3,1
Emirates,TLV,BKK,19,1,11,12,475,2023,3,1
Thai Airways,TLV,BKK,10,0,23,15,936,2023,3,1
Ethiopian Air,TLV,BKK,22,1,9,12,504,2023,3,1
Emirates,TLV,BKK,17,2,18,16,742,2023,3,1
Emirates,TLV,BKK,13,1,12,7,559,2023,3,22
Wizz Air,TLV,BKK,24,2,9,14,374,2023,3,22
Royal Jordanian,TLV,BKK,15,1,17,14,516,2023,3,22
Gulf Air,TLV,BKK,19,1,8,8,451,2023,3,22
Emirates,TLV,BKK,13,1,12,7,559,2023,3,22
EL AL,TLV,BKK,21,2,12,14,403,2023,3,22
Gulf Air,TLV,BKK,14,2,8,4,472,2023,3,22
Ethiopian Air,TLV,BKK,22,1,9,12,490,2023,3,22
Royal Jordanian,TLV,BKK,9,1,23,14,726,2023,3,22
EL AL,TLV,BKK,10,0,23,14,904,2023,3,22
Multiple companies,TLV,BKK,19,3,12,13,427,2023,3,22
Emirates,TLV,BKK,14,1,11,7,559,2023,3,22
Emirates,TLV,BKK,16,1,9,7,559,2023,3,22
Emirates,TLV,BKK,18,1,12,12,559,2023,3,22
Emirates,TLV,BKK,19,1,11,12,559,2023,3,22
Emirates,TLV,BKK,13,1,0,18,615,2023,3,22
Emirates,TLV,BKK,14,1,11,7,559,2023,3,23
Wizz Air,TLV,BKK,23,2,10,14,313,2023,3,23
Multiple companies,TLV,BKK,14,2,17,13,433,2023,3,23
Multiple companies,TLV,BKK,13,2,12,7,463,2023,3,23
Emirates,TLV,BKK,14,1,11,7,559,2023,3,23
EL AL,TLV,BKK,17,1,16,14,629,2023,3,23
Wizz Air,TLV,BKK,24,3,9,14,324,2023,3,23
Wizz Air Abu Dhabi,TLV,BKK,23,2,10,14,337,2023,3,23
Multiple companies,TLV,BKK,16,2,17,14,430,2023,3,23
Emirates,TLV,BKK,19,1,11,12,559,2023,3,23
Emirates,TLV,BKK,13,1,12,7,615,2023,3,23
EL AL,TLV,BKK,10,0,23,14,909,2023,3,23
Wizz Air,TLV,BKK,25,2,10,16,346,2023,3,23
Multiple companies,TLV,BKK,22,2,10,13,373,2023,3,23
EL AL,TLV,BKK,21,2,12,14,401,2023,3,23
Multiple companies,TLV,BKK,22,2,10,14,407,2023,3,23
Cathay Pacific,TLV,BKK,15,1,15,11,588,2023,3,24
Wizz Air,TLV,BKK,15,2,10,6,351,2023,3,24
Wizz Air Abu Dhabi,TLV,BKK,23,2,10,14,337,2023,3,24
Emirates,TLV,BKK,14,1,12,7,543,2023,3,24
EL AL,TLV,BKK,10,0,0,16,665,2023,3,24
Wizz Air,TLV,BKK,23,2,10,14,349,2023,3,24
Emirates,TLV,BKK,14,1,23,18,549,2023,3,24
Cathay Pacific,TLV,BKK,15,1,15,11,568,2023,3,24
Wizz Air,TLV,BKK,23,3,10,14,382,2023,3,24
Multiple companies,TLV,BKK,22,2,10,13,385,2023,3,24
Wizz Air,TLV,BKK,22,3,10,13,403,2023,3,24
Multiple companies,TLV,BKK,22,2,10,13,448,2023,3,24
Ethiopian Air,TLV,BKK,22,1,10,12,490,2023,3,24
Pegasus Airlines,TLV,BKK,21,2,11,12,526,2023,3,24
Pegasus Airlines,TLV,BKK,21,2,11,12,526,2023,3,24
Emirates,TLV,BKK,19,1,12,12,543,2023,3,24
Air India,TLV,BKK,17,1,22,19,352,2023,3,25
Air India,TLV,BKK,17,1,22,19,339,2023,3,25
Wizz Air,TLV,BKK,24,2,10,14,287,2023,3,25
Wizz Air,TLV,BKK,25,2,10,16,290,2023,3,25
Emirates,TLV,BKK,14,1,12,7,539,2023,3,25
Multiple companies,TLV,BKK,27,2,21,4,298,2023,3,25
Multiple companies,TLV,BKK,23,2,10,14,328,2023,3,25
EL AL,TLV,BKK,11,0,22,14,904,2023,3,25
Aegean Airlines,TLV,BKK,22,2,6,8,449,2023,3,25
Aegean Airlines,TLV,BKK,23,2,6,9,449,2023,3,25
Emirates,TLV,BKK,19,1,12,12,539,2023,3,25
Emirates,TLV,BKK,14,1,12,7,549,2023,3,25
Emirates,TLV,BKK,17,1,9,7,549,2023,3,25
Emirates,TLV,BKK,19,1,12,12,560,2023,3,25
Emirates,TLV,BKK,15,1,23,18,603,2023,3,25
Turkish Airlines,TLV,BKK,13,1,16,10,703,2023,3,25
Emirates,TLV,BKK,20,1,12,12,615,2023,3,26
Royal Jordanian,TLV,BKK,9,1,0,14,487,2023,3,26
Multiple companies,TLV,BKK,38,2,10,4,389,2023,3,26
BlueBird Airways,TLV,BKK,20,2,8,8,435,2023,3,26
Air India,TLV,BKK,18,1,21,19,507,2023,3,26
Emirates,TLV,BKK,14,1,12,7,593,2023,3,26
BlueBird Airways,TLV,BKK,21,2,8,9,435,2023,3,26
Arkia,TLV,BKK,20,2,7,8,445,2023,3,26
Arkia,TLV,BKK,22,2,7,9,445,2023,3,26
EL AL,TLV,BKK,21,2,7,8,448,2023,3,26
EL AL,TLV,BKK,22,2,7,9,448,2023,3,26
Hahn Air Systems,TLV,BKK,20,2,8,8,466,2023,3,26
Ethiopian Air,TLV,BKK,22,1,10,12,490,2023,3,26
Multiple companies,TLV,BKK,18,2,6,4,496,2023,3,26
Royal Jordanian,TLV,BKK,19,2,19,18,521,2023,3,26
Royal Jordanian,TLV,BKK,14,2,0,18,560,2023,3,26
Royal Jordanian,TLV,BKK,14,2,0,18,574,2023,3,26
Emirates,TLV,BKK,14,1,12,7,615,2023,3,27
Ethiopian Air,TLV,BKK,23,1,10,13,504,2023,3,27
Ethiopian Air,TLV,BKK,32,1,1,13,504,2023,3,27
Pegasus Airlines,TLV,BKK,19,2,6,6,562,2023,3,27
Emirates,TLV,BKK,14,1,12,7,615,2023,3,27
Pegasus Airlines,TLV,BKK,21,2,5,6,562,2023,3,27
Pegasus Airlines,TLV,BKK,21,2,11,13,562,2023,3,27
Pegasus Airlines,TLV,BKK,21,2,11,12,604,2023,3,27
Emirates,TLV,BKK,19,1,12,12,615,2023,3,27
Emirates,TLV,BKK,26,1,12,18,615,2023,3,27
Gulf Air,TLV,BKK,20,1,9,9,712,2023,3,27
Pegasus Airlines,TLV,BKK,16,2,16,13,753,2023,3,27
Austrian Airlines,TLV,BKK,15,1,15,11,1004,2023,3,27
EL AL,TLV,BKK,11,0,22,14,1913,2023,3,27
ITA Airways,TLV,BKK,22,2,4,6,704,2023,3,27
Pegasus Airlines,TLV,BKK,21,2,11,13,753,2023,3,27
Ethiopian Air,TLV,BKK,16,1,15,12,504,2023,3,28
EL AL,TLV,BKK,11,0,23,15,921,2023,3,28
Ethiopian Air,TLV,BKK,31,1,1,12,504,2023,3,28
Pegasus Airlines,TLV,BKK,21,2,11,12,562,2023,3,28
Pegasus Airlines,TLV,BKK,19,2,6,6,651,2023,3,28
Air India,TLV,BKK,18,1,21,19,657,2023,3,28
Pegasus Airlines,TLV,BKK,21,2,11,13,562,2023,3,28
Pegasus Airlines,TLV,BKK,21,2,5,6,651,2023,3,28
Pegasus Airlines,TLV,BKK,16,2,16,13,753,2023,3,28
EL AL,TLV,BKK,15,1,0,20,834,2023,3,28
Emirates,TLV,BKK,12,1,19,12,993,2023,3,28
Emirates,TLV,BKK,13,1,19,12,993,2023,3,28
Pegasus Airlines,TLV,BKK,21,2,11,13,753,2023,3,28
ITA Airways,TLV,BKK,22,2,4,6,927,2023,3,28
Gulf Air,TLV,BKK,17,2,17,15,981,2023,3,28
Ethiopian Air,TLV,BKK,23,1,10,13,504,2023,3,29
Ethiopian Air,TLV,BKK,32,1,1,13,504,2023,3,29
EL AL,TLV,BKK,11,0,23,15,1044,2023,3,29
Pegasus Airlines,TLV,BKK,21,2,11,12,562,2023,3,29
Pegasus Airlines,TLV,BKK,21,2,11,13,562,2023,3,29
Pegasus Airlines,TLV,BKK,19,2,6,6,651,2023,3,29
Pegasus Airlines,TLV,BKK,21,2,5,6,651,2023,3,29
Emirates,TLV,BKK,12,1,19,12,993,2023,3,29
Emirates,TLV,BKK,13,1,19,12,993,2023,3,29
ITA Airways,TLV,BKK,22,2,4,6,838,2023,3,29
Emirates,TLV,BKK,14,1,12,7,993,2023,3,29
Emirates,TLV,BKK,19,1,12,12,993,2023,3,29
Lufthansa,TLV,BKK,17,2,17,14,1035,2023,3,29
Etihad Airways,TLV,BKK,15,1,13,8,1048,2023,3,29
Thai Airways,TLV,BKK,11,0,23,15,1482,2023,3,29
Royal Jordanian,TLV,BKK,14,2,0,18,528,2023,3,30
Royal Jordanian,TLV,BKK,14,2,0,18,528,2023,3,30
Wizz Air Abu Dhabi,TLV,BKK,28,2,10,18,347,2023,3,30
Multiple companies,TLV,BKK,24,2,10,14,360,2023,3,30
BlueBird Airways,TLV,BKK,20,2,8,8,501,2023,3,30
ISRAIR,TLV,BKK,15,2,7,2,564,2023,3,30
Turkish Airlines,TLV,BKK,14,1,12,6,703,2023,3,30
Emirates,TLV,BKK,14,1,12,7,754,2023,3,30
Royal Jordanian,TLV,BKK,10,1,0,15,758,2023,3,30
EL AL,TLV,BKK,11,0,23,15,904,2023,3,30
Multiple companies,TLV,BKK,24,2,10,14,487,2023,3,30
BlueBird Airways,TLV,BKK,21,2,8,9,501,2023,3,30
Arkia,TLV,BKK,20,2,7,8,526,2023,3,30
Pegasus Airlines,TLV,BKK,21,2,11,13,540,2023,3,30
Multiple companies,TLV,BKK,17,3,6,4,555,2023,3,30
Multiple companies,TLV,BKK,17,2,6,4,580,2023,3,30
Pegasus Airlines,TLV,BKK,21,2,11,12,580,2023,3,30
Ethiopian Air,TLV,BKK,23,1,10,13,504,2023,3,31
Ethiopian Air,TLV,BKK,32,1,1,13,504,2023,3,31
Pegasus Airlines,TLV,BKK,21,2,11,12,604,2023,3,31
Pegasus Airlines,TLV,BKK,21,2,11,13,704,2023,3,31
Pegasus Airlines,TLV,BKK,19,2,6,6,766,2023,3,31
Arkia,TLV,BKK,44,2,6,6,564,2023,3,31
Pegasus Airlines,TLV,BKK,21,2,5,6,766,2023,3,31
Emirates,TLV,BKK,14,1,12,7,1021,2023,3,31
Emirates,TLV,BKK,19,1,12,12,1021,2023,3,31
Etihad Airways,TLV,BKK,14,1,14,8,1048,2023,3,31
ITA Airways,TLV,BKK,21,2,5,6,838,2023,3,31
SWISS,TLV,BKK,25,1,4,10,1012,2023,3,31
Emirates,TLV,BKK,20,1,12,12,1021,2023,3,31
Pegasus Airlines,TLV,BKK,16,2,16,12,1075,2023,3,31
Austrian Airlines,TLV,BKK,16,1,15,11,1200,2023,3,31
Emirates,TLV,BKK,14,1,12,7,643,2023,4,1
Ethiopian Air,TLV,BKK,17,1,15,13,504,2023,4,1
Emirates,TLV,BKK,14,1,12,7,643,2023,4,1
Ethiopian Air,TLV,BKK,32,1,1,13,504,2023,4,1
Air India,TLV,BKK,17,1,22,19,640,2023,4,1
Emirates,TLV,BKK,19,1,12,12,643,2023,4,1
Emirates,TLV,BKK,26,1,12,18,643,2023,4,1
Emirates,TLV,BKK,20,1,12,12,769,2023,4,1
EL AL,TLV,BKK,11,0,22,14,1044,2023,4,1
Pegasus Airlines,TLV,BKK,19,2,6,6,766,2023,4,1
Pegasus Airlines,TLV,BKK,21,2,11,12,766,2023,4,1
Emirates,TLV,BKK,12,1,19,12,1021,2023,4,1
Emirates,TLV,BKK,13,1,19,12,1021,2023,4,1
Thai Airways,TLV,BKK,11,0,22,14,1482,2023,4,1
Pegasus Airlines,TLV,BKK,21,2,5,6,766,2023,4,1
Pegasus Airlines,TLV,BKK,21,2,11,13,838,2023,4,1
Emirates,TLV,BKK,20,1,12,12,643,2023,4,2
Ethiopian Air,TLV,BKK,22,1,10,12,490,2023,4,2
Air India,TLV,BKK,17,1,22,19,568,2023,4,2
Royal Jordanian,TLV,BKK,10,1,0,15,743,2023,4,2
Emirates,TLV,BKK,14,1,12,7,631,2023,4,2
Pegasus Airlines,TLV,BKK,25,2,6,12,579,2023,4,2
Multiple companies,TLV,BKK,17,2,6,4,604,2023,4,2
Multiple companies,TLV,BKK,17,2,6,4,611,2023,4,2
Royal Jordanian,TLV,BKK,17,2,8,6,616,2023,4,2
Emirates,TLV,BKK,20,1,12,12,634,2023,4,2
Emirates,TLV,BKK,26,1,12,18,635,2023,4,2
IndiGo,TLV,BKK,17,2,17,14,650,2023,4,2
Pegasus Airlines,TLV,BKK,19,2,6,6,680,2023,4,2
Turkish Airlines,TLV,BKK,14,1,12,6,703,2023,4,2
EL AL,TLV,BKK,11,0,22,14,1044,2023,4,2
Wizz Air,TLV,BKK,19,2,10,9,634,2023,4,2
Ethiopian Air,TLV,BKK,23,1,10,13,509,2023,4,3
Ethiopian Air,TLV,BKK,23,1,10,13,490,2023,4,3
Multiple companies,TLV,BKK,38,2,10,4,450,2023,4,3
Royal Jordanian,TLV,BKK,17,2,8,6,533,2023,4,3
Royal Jordanian,TLV,BKK,14,2,0,18,569,2023,4,3
Emirates,TLV,BKK,14,1,12,7,754,2023,4,3
Pegasus Airlines,TLV,BKK,21,2,11,12,539,2023,4,3
Royal Jordanian,TLV,BKK,19,2,19,18,569,2023,4,3
Pegasus Airlines,TLV,BKK,19,2,6,6,580,2023,4,3
Turkish Airlines,TLV,BKK,14,1,12,6,810,2023,4,3
Turkish Airlines,TLV,BKK,14,1,20,15,810,2023,4,3
EL AL,TLV,BKK,11,0,22,14,1044,2023,4,3
Pegasus Airlines,TLV,BKK,25,2,6,12,539,2023,4,3
IndiGo,TLV,BKK,20,2,14,14,574,2023,4,3
Pegasus Airlines,TLV,BKK,25,2,6,12,579,2023,4,3
Pegasus Airlines,TLV,BKK,21,2,5,6,580,2023,4,3
Multiple companies,TLV,BKK,18,2,6,4,625,2023,4,3
Air India,TLV,BKK,17,1,22,19,587,2023,4,4
Ethiopian Air,TLV,BKK,16,1,15,12,580,2023,4,4
Ethiopian Air,TLV,BKK,31,1,1,12,490,2023,4,4
EL AL,TLV,BKK,11,0,21,13,759,2023,4,4
Air India,TLV,BKK,17,1,22,19,568,2023,4,4
Royal Jordanian,TLV,BKK,14,2,0,18,569,2023,4,4
Pegasus Airlines,TLV,BKK,21,2,11,13,580,2023,4,4
Pegasus Airlines,TLV,BKK,16,2,16,13,666,2023,4,4
Emirates,TLV,BKK,14,1,12,7,754,2023,4,4
IndiGo,TLV,BKK,20,2,14,14,581,2023,4,4
Pegasus Airlines,TLV,BKK,19,2,6,6,682,2023,4,4
Turkish Airlines,TLV,BKK,13,1,21,15,810,2023,4,4
Turkish Airlines,TLV,BKK,14,1,12,6,810,2023,4,4
Turkish Airlines,TLV,BKK,14,1,20,15,810,2023,4,4
EL AL,TLV,BKK,11,0,23,15,1044,2023,4,4
Pegasus Airlines,TLV,BKK,21,2,11,13,666,2023,4,4
Pegasus Airlines,TLV,BKK,21,2,11,12,679,2023,4,4
Ethiopian Air,TLV,BKK,23,1,10,13,505,2023,4,5
Ethiopian Air,TLV,BKK,23,1,10,13,490,2023,4,5
Royal Jordanian,TLV,BKK,17,2,8,6,574,2023,4,5
Emirates,TLV,BKK,12,1,19,12,753,2023,4,5
Pegasus Airlines,TLV,BKK,19,2,6,6,580,2023,4,5
Emirates,TLV,BKK,20,1,12,12,642,2023,4,5
Turkish Airlines,TLV,BKK,14,1,12,6,705,2023,4,5
Emirates,TLV,BKK,14,1,12,7,737,2023,4,5
Emirates,TLV,BKK,13,1,19,12,753,2023,4,5
Pegasus Airlines,TLV,BKK,25,2,6,12,579,2023,4,5
Pegasus Airlines,TLV,BKK,26,2,6,13,579,2023,4,5
Pegasus Airlines,TLV,BKK,21,2,5,6,580,2023,4,5
IndiGo,TLV,BKK,20,2,14,14,586,2023,4,5
Pegasus Airlines,TLV,BKK,21,2,11,13,627,2023,4,5
Royal Jordanian,TLV,BKK,16,1,19,15,747,2023,4,5
Emirates,TLV,BKK,19,1,19,18,753,2023,4,5
Emirates,TLV,BKK,14,1,12,7,769,2023,4,6
EL AL,TLV,BKK,17,1,23,20,560,2023,4,6
Ethiopian Air,TLV,BKK,16,1,15,12,580,2023,4,6
EL AL,TLV,BKK,17,1,23,20,564,2023,4,6
Royal Jordanian,TLV,BKK,10,1,0,15,747,2023,4,6
IndiGo,TLV,BKK,20,2,14,14,574,2023,4,6
Pegasus Airlines,TLV,BKK,19,2,6,6,706,2023,4,6
Arkia,TLV,BKK,16,2,6,2,729,2023,4,6
Emirates,TLV,BKK,14,1,12,7,769,2023,4,6
EL AL,TLV,BKK,11,0,23,15,904,2023,4,6
IndiGo,TLV,BKK,24,2,10,14,635,2023,4,6
Pegasus Airlines,TLV,BKK,21,2,5,6,706,2023,4,6
Emirates,TLV,BKK,19,1,12,12,769,2023,4,6
Emirates,TLV,BKK,20,1,12,12,769,2023,4,6
Emirates,TLV,BKK,12,1,19,12,1021,2023,4,6
Cathay Pacific,TLV,BKK,15,1,14,10,1028,2023,4,6
Emirates,TLV,BKK,14,1,12,7,587,2023,4,7
Ethiopian Air,TLV,BKK,23,1,10,13,490,2023,4,7
Emirates,TLV,BKK,14,1,12,7,574,2023,4,7
Royal Jordanian,TLV,BKK,19,2,19,18,533,2023,4,7
Emirates,TLV,BKK,19,1,12,12,574,2023,4,7
Emirates,TLV,BKK,20,1,12,12,574,2023,4,7
Emirates,TLV,BKK,26,1,12,18,574,2023,4,7
Pegasus Airlines,TLV,BKK,25,2,6,12,579,2023,4,7
Pegasus Airlines,TLV,BKK,21,2,11,13,580,2023,4,7
Pegasus Airlines,TLV,BKK,19,2,6,6,628,2023,4,7
Turkish Airlines,TLV,BKK,14,1,12,6,703,2023,4,7
Pegasus Airlines,TLV,BKK,16,2,16,13,731,2023,4,7
Royal Jordanian,TLV,BKK,16,1,19,15,734,2023,4,7
Turkish Airlines,TLV,BKK,13,1,21,15,935,2023,4,7
Emirates,TLV,BKK,12,1,19,12,997,2023,4,7
Pegasus Airlines,TLV,BKK,26,2,6,13,579,2023,4,7
Emirates,TLV,BKK,14,1,12,7,559,2023,4,8
Ethiopian Air,TLV,BKK,17,1,15,13,490,2023,4,8
Multiple companies,TLV,BKK,38,2,10,4,445,2023,4,8
Emirates,TLV,BKK,14,1,12,7,543,2023,4,8
Air India,TLV,BKK,17,1,22,19,568,2023,4,8
EL AL,TLV,BKK,11,0,22,14,904,2023,4,8
Emirates,TLV,BKK,19,1,12,12,543,2023,4,8
Emirates,TLV,BKK,13,1,19,12,741,2023,4,8
Royal Jordanian,TLV,BKK,10,1,0,15,758,2023,4,8
Emirates,TLV,BKK,20,1,12,12,543,2023,4,8
Emirates,TLV,BKK,26,1,12,18,551,2023,4,8
Pegasus Airlines,TLV,BKK,21,2,11,13,580,2023,4,8
IndiGo,TLV,BKK,20,2,14,14,581,2023,4,8
Turkish Airlines,TLV,BKK,14,1,12,6,703,2023,4,8
Lufthansa,TLV,BKK,18,1,8,6,742,2023,4,8
Turkish Airlines,TLV,BKK,13,1,21,15,810,2023,4,8
Turkish Airlines,TLV,BKK,14,1,20,15,810,2023,4,8
Emirates,TLV,BKK,14,1,12,7,475,2023,4,9
Air India,TLV,BKK,17,1,22,19,450,2023,4,9
Royal Jordanian,TLV,BKK,10,1,0,15,524,2023,4,9
EL AL,TLV,BKK,11,0,22,14,577,2023,4,9
Emirates,TLV,BKK,14,1,12,7,457,2023,4,9
Emirates,TLV,BKK,20,1,12,12,457,2023,4,9
Emirates,TLV,BKK,26,1,12,18,466,2023,4,9
Ethiopian Air,TLV,BKK,22,1,10,12,490,2023,4,9
Royal Jordanian,TLV,BKK,17,2,8,6,528,2023,4,9
Multiple companies,TLV,BKK,17,2,6,4,562,2023,4,9
Multiple companies,TLV,BKK,17,2,6,4,569,2023,4,9
Emirates,TLV,BKK,19,1,12,12,591,2023,4,9
Pegasus Airlines,TLV,BKK,19,2,6,6,624,2023,4,9
Turkish Airlines,TLV,BKK,14,1,12,6,703,2023,4,9
Emirates,TLV,BKK,12,1,19,12,973,2023,4,9
Thai Airways,TLV,BKK,11,0,22,14,1031,2023,4,9
Emirates,TLV,BKK,14,1,12,7,475,2023,4,10
Gulf Air,TLV,BKK,20,1,9,9,399,2023,4,10
Royal Jordanian,TLV,BKK,16,1,19,15,460,2023,4,10
Emirates,TLV,BKK,14,1,12,7,459,2023,4,10
Emirates,TLV,BKK,13,1,19,12,540,2023,4,10
Emirates,TLV,BKK,19,1,12,12,459,2023,4,10
Emirates,TLV,BKK,20,1,12,12,459,2023,4,10
EL AL,TLV,BKK,11,0,23,15,665,2023,4,10
Royal Jordanian,TLV,BKK,26,1,8,15,465,2023,4,10
Emirates,TLV,BKK,26,1,12,18,466,2023,4,10
Multiple companies,TLV,BKK,17,2,6,4,489,2023,4,10
Ethiopian Air,TLV,BKK,23,1,10,13,490,2023,4,10
Royal Jordanian,TLV,BKK,14,2,0,18,529,2023,4,10
Emirates,TLV,BKK,19,1,19,18,540,2023,4,10
Emirates,TLV,BKK,12,1,19,12,595,2023,4,10
Royal Jordanian,TLV,BKK,17,2,8,6,529,2023,4,10
Emirates,TLV,BKK,13,1,19,12,475,2023,4,11
Royal Jordanian,TLV,BKK,10,1,0,15,472,2023,4,11
Multiple companies,TLV,BKK,38,2,10,4,366,2023,4,11
Emirates,TLV,BKK,13,1,19,12,466,2023,4,11
Emirates,TLV,BKK,14,1,12,7,466,2023,4,11
Etihad Airways,TLV,BKK,14,1,14,8,474,2023,4,11
Emirates,TLV,BKK,12,1,19,12,603,2023,4,11
Gulf Air,TLV,BKK,17,2,17,15,384,2023,4,11
Ethiopian Air,TLV,BKK,16,1,15,12,490,2023,4,11
Air India,TLV,BKK,17,1,22,19,450,2023,4,11
Emirates,TLV,BKK,20,1,12,12,466,2023,4,11
Emirates,TLV,BKK,19,1,19,18,508,2023,4,11
Emirates,TLV,BKK,19,1,12,12,508,2023,4,11
Gulf Air,TLV,BKK,16,2,17,14,528,2023,4,11
Royal Jordanian,TLV,BKK,17,2,8,6,533,2023,4,11
EL AL,TLV,BKK,15,1,0,20,560,2023,4,11
EL AL,TLV,BKK,15,1,0,20,564,2023,4,11
Emirates,TLV,BKK,12,1,19,12,475,2023,4,12
Emirates,TLV,BKK,12,1,19,12,466,2023,4,12
Multiple companies,TLV,BKK,39,2,10,5,390,2023,4,12
Emirates,TLV,BKK,13,1,19,12,466,2023,4,12
EL AL,TLV,BKK,11,0,23,15,503,2023,4,12
Emirates,TLV,BKK,14,1,12,7,466,2023,4,12
Etihad Airways,TLV,BKK,14,1,14,8,474,2023,4,12
Emirates,TLV,BKK,13,1,1,18,507,2023,4,12
Emirates,TLV,BKK,14,1,13,7,548,2023,4,12
Emirates,TLV,BKK,15,1,23,18,466,2023,4,12
Royal Jordanian,TLV,BKK,16,1,19,15,515,2023,4,12
Emirates,TLV,BKK,19,1,19,18,466,2023,4,12
Emirates,TLV,BKK,19,1,12,12,466,2023,4,12
Emirates,TLV,BKK,20,1,12,12,466,2023,4,12
Royal Jordanian,TLV,BKK,17,2,8,6,529,2023,4,12
Emirates,TLV,BKK,16,1,11,7,548,2023,4,12
Emirates,TLV,BKK,18,1,13,12,548,2023,4,12
Emirates,TLV,BKK,13,1,19,12,475,2023,4,13
Royal Jordanian,TLV,BKK,10,1,0,15,442,2023,4,13
Royal Jordanian,TLV,BKK,27,1,8,15,418,2023,4,13
EL AL,TLV,BKK,11,0,23,15,449,2023,4,13
Emirates,TLV,BKK,13,1,19,12,462,2023,4,13
Emirates,TLV,BKK,14,1,12,7,462,2023,4,13
Emirates,TLV,BKK,13,1,1,18,466,2023,4,13
Etihad Airways,TLV,BKK,13,1,15,8,474,2023,4,13
Emirates,TLV,BKK,12,1,19,12,543,2023,4,13
Ethiopian Air,TLV,BKK,16,1,15,12,490,2023,4,13
Emirates,TLV,BKK,14,1,13,7,549,2023,4,13
Thai Airways,TLV,BKK,11,0,23,15,709,2023,4,13
Emirates,TLV,BKK,15,1,23,18,508,2023,4,13
EL AL,TLV,BKK,17,1,16,13,545,2023,4,13
Emirates,TLV,BKK,16,1,11,7,603,2023,4,13
Turkish Airlines,TLV,BKK,14,1,12,6,703,2023,4,13
Emirates,TLV,BKK,20,1,12,12,462,2023,4,13
Emirates,TLV,BKK,14,1,12,7,475,2023,4,14
Etihad Airways,TLV,BKK,14,1,14,8,474,2023,4,14
Wizz Air Abu Dhabi,TLV,BKK,22,2,10,13,415,2023,4,14
Emirates,TLV,BKK,13,1,19,12,503,2023,4,14
Emirates,TLV,BKK,12,1,19,12,543,2023,4,14
Emirates,TLV,BKK,14,1,12,7,462,2023,4,14
Emirates,TLV,BKK,13,1,1,18,503,2023,4,14
Emirates,TLV,BKK,14,1,13,7,503,2023,4,14
Emirates,TLV,BKK,16,1,11,7,503,2023,4,14
Emirates,TLV,BKK,15,1,23,18,543,2023,4,14
Turkish Airlines,TLV,BKK,14,1,12,6,703,2023,4,14
Ethiopian Air,TLV,BKK,23,1,10,13,490,2023,4,14
Emirates,TLV,BKK,19,1,13,12,503,2023,4,14
Emirates,TLV,BKK,20,1,12,12,503,2023,4,14
Emirates,TLV,BKK,21,1,11,12,503,2023,4,14
Emirates,TLV,BKK,19,1,19,18,543,2023,4,14
Emirates,TLV,BKK,19,1,12,12,543,2023,4,14
Emirates,TLV,BKK,14,1,12,7,475,2023,4,15
EL AL,TLV,BKK,11,0,22,14,581,2023,4,15
Wizz Air Abu Dhabi,TLV,BKK,22,2,10,13,382,2023,4,15
Emirates,TLV,BKK,14,1,12,7,460,2023,4,15
Etihad Airways,TLV,BKK,14,1,14,8,501,2023,4,15
Emirates,TLV,BKK,14,1,13,7,508,2023,4,15
Emirates,TLV,BKK,12,1,19,12,595,2023,4,15
Emirates,TLV,BKK,13,1,19,12,595,2023,4,15
Ethiopian Air,TLV,BKK,17,1,15,13,490,2023,4,15
Emirates,TLV,BKK,16,1,11,7,508,2023,4,15
Emirates,TLV,BKK,13,1,1,18,549,2023,4,15
Royal Jordanian,TLV,BKK,10,1,0,15,741,2023,4,15
Air India,TLV,BKK,17,1,22,19,450,2023,4,15
Emirates,TLV,BKK,15,1,23,18,549,2023,4,15
Royal Jordanian,TLV,BKK,14,2,0,18,617,2023,4,15
Turkish Airlines,TLV,BKK,14,1,12,6,703,2023,4,15
Thai Airways,TLV,BKK,11,0,22,14,916,2023,4,15
Emirates,TLV,BKK,14,1,12,7,475,2023,4,16
EL AL,TLV,BKK,11,0,22,14,512,2023,4,16
Air India,TLV,BKK,17,1,22,19,461,2023,4,16
Emirates,TLV,BKK,14,1,12,7,475,2023,4,16
Etihad Airways,TLV,BKK,14,1,14,8,587,2023,4,16
Emirates,TLV,BKK,12,1,19,12,615,2023,4,16
Emirates,TLV,BKK,13,1,19,12,615,2023,4,16
Emirates,TLV,BKK,13,1,1,18,559,2023,4,16
Emirates,TLV,BKK,14,1,13,7,615,2023,4,16
Emirates,TLV,BKK,15,1,23,18,615,2023,4,16
Emirates,TLV,BKK,16,1,11,7,615,2023,4,16
Thai Airways,TLV,BKK,11,0,22,14,819,2023,4,16
Ethiopian Air,TLV,BKK,22,1,10,12,504,2023,4,16
Emirates,TLV,BKK,18,1,13,12,615,2023,4,16
Emirates,TLV,BKK,19,1,19,18,615,2023,4,16
Emirates,TLV,BKK,19,1,12,12,615,2023,4,16
Emirates,TLV,BKK,14,1,12,7,475,2023,4,17
EL AL,TLV,BKK,11,0,22,14,456,2023,4,17
Royal Jordanian,TLV,BKK,16,1,19,15,439,2023,4,17
Emirates,TLV,BKK,12,1,19,12,517,2023,4,17
Emirates,TLV,BKK,14,1,12,7,475,2023,4,17
Etihad Airways,TLV,BKK,13,1,14,8,501,2023,4,17
Emirates,TLV,BKK,13,1,19,12,517,2023,4,17
Thai Airways,TLV,BKK,11,0,22,14,716,2023,4,17
Emirates,TLV,BKK,15,1,23,18,517,2023,4,17
Emirates,TLV,BKK,19,1,19,18,517,2023,4,17
Emirates,TLV,BKK,19,1,12,12,517,2023,4,17
Emirates,TLV,BKK,16,1,11,7,559,2023,4,17
Emirates,TLV,BKK,13,1,1,18,615,2023,4,17
Gulf Air,TLV,BKK,20,1,9,9,494,2023,4,17
Ethiopian Air,TLV,BKK,23,1,10,13,504,2023,4,17
Emirates,TLV,BKK,20,1,12,12,517,2023,4,17
Emirates,TLV,BKK,14,1,12,7,475,2023,4,18
EL AL,TLV,BKK,11,0,23,15,408,2023,4,18
BlueBird Airways,TLV,BKK,30,2,8,19,325,2023,4,18
Royal Jordanian,TLV,BKK,10,1,0,15,418,2023,4,18
Emirates,TLV,BKK,12,1,19,12,498,2023,4,18
Emirates,TLV,BKK,13,1,19,12,498,2023,4,18
Emirates,TLV,BKK,14,1,12,7,458,2023,4,18
Ethiopian Air,TLV,BKK,16,1,15,12,489,2023,4,18
Emirates,TLV,BKK,13,1,1,18,498,2023,4,18
Thai Airways,TLV,BKK,11,0,23,15,630,2023,4,18
Gulf Air,TLV,BKK,17,2,17,15,405,2023,4,18
Air India,TLV,BKK,17,1,22,19,447,2023,4,18
Emirates,TLV,BKK,15,1,23,18,498,2023,4,18
EL AL,TLV,BKK,15,1,0,20,558,2023,4,18
EL AL,TLV,BKK,15,1,0,20,564,2023,4,18
Turkish Airlines,TLV,BKK,14,1,12,6,703,2023,4,18
Multiple companies,TLV,BKK,17,2,6,4,472,2023,4,18
Emirates,TLV,BKK,12,1,19,12,475,2023,4,19
EL AL,TLV,BKK,11,0,23,15,413,2023,4,19
Emirates,TLV,BKK,12,1,19,12,465,2023,4,19
Emirates,TLV,BKK,13,1,19,12,465,2023,4,19
Thai Airways,TLV,BKK,11,0,23,15,630,2023,4,19
Emirates,TLV,BKK,14,1,12,7,465,2023,4,19
Emirates,TLV,BKK,13,1,1,18,508,2023,4,19
Royal Jordanian,TLV,BKK,16,1,19,15,418,2023,4,19
Emirates,TLV,BKK,15,1,23,18,508,2023,4,19
Emirates,TLV,BKK,14,1,13,7,549,2023,4,19
Turkish Airlines,TLV,BKK,14,1,12,6,704,2023,4,19
Etihad Airways,TLV,BKK,14,1,14,8,772,2023,4,19
Emirates,TLV,BKK,19,1,12,12,465,2023,4,19
Emirates,TLV,BKK,20,1,12,12,465,2023,4,19
Emirates,TLV,BKK,19,1,19,18,506,2023,4,19
Emirates,TLV,BKK,16,1,11,7,549,2023,4,19
Cathay Pacific,TLV,BKK,15,1,14,10,527,2023,4,20
EL AL,TLV,BKK,11,0,23,15,410,2023,4,20
Wizz Air Abu Dhabi,TLV,BKK,22,2,10,13,395,2023,4,20
Royal Jordanian,TLV,BKK,10,1,0,15,418,2023,4,20
Emirates,TLV,BKK,13,1,19,12,459,2023,4,20
Emirates,TLV,BKK,14,1,12,7,459,2023,4,20
Emirates,TLV,BKK,15,1,23,18,459,2023,4,20
Emirates,TLV,BKK,13,1,1,18,500,2023,4,20
Cathay Pacific,TLV,BKK,15,1,14,10,506,2023,4,20
Emirates,TLV,BKK,14,1,13,7,540,2023,4,20
Ethiopian Air,TLV,BKK,16,1,15,12,489,2023,4,20
Cathay Pacific,TLV,BKK,16,1,14,11,506,2023,4,20
Emirates,TLV,BKK,16,1,11,7,540,2023,4,20
Turkish Airlines,TLV,BKK,14,1,12,6,704,2023,4,20
Thai Airways,TLV,BKK,11,0,23,15,709,2023,4,20
Emirates,TLV,BKK,12,1,19,12,725,2023,4,20
Etihad Airways,TLV,BKK,13,1,15,8,772,2023,4,20
Emirates,TLV,BKK,13,1,1,18,475,2023,4,21
Royal Jordanian,TLV,BKK,16,1,19,15,418,2023,4,21
Emirates,TLV,BKK,13,1,1,18,461,2023,4,21
Emirates,TLV,BKK,13,1,19,12,461,2023,4,21
Emirates,TLV,BKK,14,1,12,7,461,2023,4,21
Royal Jordanian,TLV,BKK,26,1,8,15,418,2023,4,21
Emirates,TLV,BKK,20,1,12,12,461,2023,4,21
Emirates,TLV,BKK,12,1,19,12,543,2023,4,21
Emirates,TLV,BKK,25,1,1,7,461,2023,4,21
Emirates,TLV,BKK,27,1,23,7,466,2023,4,21
Emirates,TLV,BKK,26,1,12,18,475,2023,4,21
Ethiopian Air,TLV,BKK,23,1,10,13,489,2023,4,21
Emirates,TLV,BKK,15,1,23,18,502,2023,4,21
Emirates,TLV,BKK,19,1,19,18,502,2023,4,21
Emirates,TLV,BKK,19,1,12,12,502,2023,4,21
Emirates,TLV,BKK,14,1,13,7,598,2023,4,21
Emirates,TLV,BKK,13,1,19,12,475,2023,4,22
EL AL,TLV,BKK,11,0,22,14,451,2023,4,22
Royal Jordanian,TLV,BKK,10,1,0,15,418,2023,4,22
Emirates,TLV,BKK,13,1,19,12,465,2023,4,22
Emirates,TLV,BKK,12,1,19,12,505,2023,4,22
Thai Airways,TLV,BKK,11,0,22,14,709,2023,4,22
Emirates,TLV,BKK,14,1,12,7,465,2023,4,22
Emirates,TLV,BKK,15,1,23,18,466,2023,4,22
Emirates,TLV,BKK,13,1,1,18,508,2023,4,22
Air India,TLV,BKK,17,1,22,19,451,2023,4,22
Emirates,TLV,BKK,19,1,19,18,465,2023,4,22
Emirates,TLV,BKK,20,1,12,12,465,2023,4,22
Ethiopian Air,TLV,BKK,17,1,15,13,489,2023,4,22
Emirates,TLV,BKK,14,1,13,7,603,2023,4,22
Emirates,TLV,BKK,19,1,12,12,505,2023,4,22
Emirates,TLV,BKK,16,1,11,7,603,2023,4,22
Emirates,TLV,BKK,13,1,19,12,475,2023,4,23
EL AL,TLV,BKK,11,0,22,14,413,2023,4,23
Multiple companies,TLV,BKK,32,3,7,19,333,2023,4,23
Royal Jordanian,TLV,BKK,10,1,0,15,418,2023,4,23
EL AL,TLV,BKK,21,2,7,8,380,2023,4,23
EL AL,TLV,BKK,22,2,7,9,380,2023,4,23
Emirates,TLV,BKK,13,1,1,18,463,2023,4,23
Emirates,TLV,BKK,13,1,19,12,463,2023,4,23
Emirates,TLV,BKK,14,1,12,7,463,2023,4,23
Thai Airways,TLV,BKK,11,0,22,14,630,2023,4,23
BlueBird Airways,TLV,BKK,20,2,8,8,402,2023,4,23
Air India,TLV,BKK,17,1,22,19,445,2023,4,23
Emirates,TLV,BKK,14,1,13,7,503,2023,4,23
Cathay Pacific,TLV,BKK,15,1,14,10,510,2023,4,23
Emirates,TLV,BKK,12,1,19,12,544,2023,4,23
BlueBird Airways,TLV,BKK,21,2,8,9,402,2023,4,23
Hahn Air Systems,TLV,BKK,20,2,8,8,433,2023,4,23
Emirates,TLV,BKK,12,1,19,12,475,2023,4,24
EL AL,TLV,BKK,11,0,22,14,413,2023,4,24
Multiple companies,TLV,BKK,39,3,21,17,364,2023,4,24
Royal Jordanian,TLV,BKK,16,1,19,15,418,2023,4,24
Multiple companies,TLV,BKK,14,2,13,7,423,2023,4,24
Emirates,TLV,BKK,12,1,19,12,466,2023,4,24
Emirates,TLV,BKK,13,1,19,12,466,2023,4,24
Emirates,TLV,BKK,14,1,12,7,466,2023,4,24
Thai Airways,TLV,BKK,11,0,22,14,630,2023,4,24
Royal Jordanian,TLV,BKK,26,1,8,15,418,2023,4,24
Emirates,TLV,BKK,15,1,23,18,466,2023,4,24
Emirates,TLV,BKK,19,1,19,18,466,2023,4,24
Emirates,TLV,BKK,13,1,1,18,507,2023,4,24
Emirates,TLV,BKK,14,1,13,7,507,2023,4,24
Emirates,TLV,BKK,19,1,12,12,466,2023,4,24
Emirates,TLV,BKK,20,1,12,12,466,2023,4,24
Emirates,TLV,BKK,26,1,12,18,467,2023,4,24
Emirates,TLV,BKK,12,1,19,12,475,2023,4,25
EL AL,TLV,BKK,11,0,23,15,412,2023,4,25
Gulf Air,TLV,BKK,17,2,17,15,384,2023,4,25
Royal Jordanian,TLV,BKK,10,1,0,15,418,2023,4,25
Emirates,TLV,BKK,12,1,19,12,462,2023,4,25
Air India,TLV,BKK,17,1,22,19,450,2023,4,25
Emirates,TLV,BKK,13,1,19,12,462,2023,4,25
Emirates,TLV,BKK,14,1,12,7,462,2023,4,25
Emirates,TLV,BKK,13,1,1,18,466,2023,4,25
Emirates,TLV,BKK,15,1,23,18,466,2023,4,25
Ethiopian Air,TLV,BKK,16,1,15,12,489,2023,4,25
Cathay Pacific,TLV,BKK,15,1,14,10,509,2023,4,25
Thai Airways,TLV,BKK,11,0,23,15,630,2023,4,25
Emirates,TLV,BKK,19,1,19,18,462,2023,4,25
Emirates,TLV,BKK,19,1,12,12,462,2023,4,25
Emirates,TLV,BKK,20,1,12,12,462,2023,4,25
Emirates,TLV,BKK,12,1,19,12,475,2023,4,26
EL AL,TLV,BKK,11,0,23,15,412,2023,4,26
Wizz Air,TLV,BKK,43,3,19,19,385,2023,4,26
Royal Jordanian,TLV,BKK,16,1,19,15,418,2023,4,26
Emirates,TLV,BKK,12,1,19,12,461,2023,4,26
Emirates,TLV,BKK,13,1,19,12,461,2023,4,26
Emirates,TLV,BKK,14,1,12,7,461,2023,4,26
Emirates,TLV,BKK,13,1,1,18,466,2023,4,26
Etihad Airways,TLV,BKK,14,1,14,8,474,2023,4,26
Thai Airways,TLV,BKK,11,0,23,15,630,2023,4,26
Royal Jordanian,TLV,BKK,26,1,8,15,418,2023,4,26
Emirates,TLV,BKK,19,1,19,18,461,2023,4,26
Emirates,TLV,BKK,15,1,23,18,466,2023,4,26
Emirates,TLV,BKK,19,1,12,12,461,2023,4,26
Emirates,TLV,BKK,20,1,12,12,461,2023,4,26
Ethiopian Air,TLV,BKK,23,1,10,13,489,2023,4,26
Emirates,TLV,BKK,14,1,13,7,508,2023,4,26
Cathay Pacific,TLV,BKK,15,1,14,10,527,2023,4,27
EL AL,TLV,BKK,11,0,23,15,413,2023,4,27
Royal Jordanian,TLV,BKK,10,1,0,15,418,2023,4,27
Cathay Pacific,TLV,BKK,15,1,14,10,527,2023,4,27
Cathay Pacific,TLV,BKK,16,1,14,11,527,2023,4,27
Thai Airways,TLV,BKK,11,0,23,15,630,2023,4,27
Cathay Pacific,TLV,BKK,21,1,14,16,527,2023,4,27
Cathay Pacific,TLV,BKK,23,1,14,18,527,2023,4,27
Pegasus Airlines,TLV,BKK,21,2,11,13,562,2023,4,27
Pegasus Airlines,TLV,BKK,21,2,11,12,604,2023,4,27
Pegasus Airlines,TLV,BKK,19,2,6,6,704,2023,4,27
Pegasus Airlines,TLV,BKK,16,2,16,13,753,2023,4,27
Pegasus Airlines,TLV,BKK,21,2,5,6,704,2023,4,27
Pegasus Airlines,TLV,BKK,21,2,11,13,753,2023,4,27
Austrian Airlines,TLV,BKK,16,1,15,11,1004,2023,4,27
Lufthansa,TLV,BKK,17,1,17,14,1017,2023,4,27
Emirates,TLV,BKK,12,1,19,12,475,2023,4,28
Etihad Airways,TLV,BKK,14,1,14,8,380,2023,4,28
Royal Jordanian,TLV,BKK,16,1,19,15,418,2023,4,28
Emirates,TLV,BKK,12,1,19,12,458,2023,4,28
Emirates,TLV,BKK,13,1,19,12,458,2023,4,28
Emirates,TLV,BKK,14,1,12,7,458,2023,4,28
Emirates,TLV,BKK,13,1,1,18,466,2023,4,28
Royal Jordanian,TLV,BKK,26,1,8,15,418,2023,4,28
Emirates,TLV,BKK,19,1,19,18,458,2023,4,28
Emirates,TLV,BKK,19,1,12,12,458,2023,4,28
Emirates,TLV,BKK,20,1,12,12,458,2023,4,28
Emirates,TLV,BKK,26,1,12,18,458,2023,4,28
Emirates,TLV,BKK,25,1,1,7,465,2023,4,28
Emirates,TLV,BKK,15,1,23,18,466,2023,4,28
Royal Jordanian,TLV,BKK,17,2,8,6,529,2023,4,28
EL AL,TLV,BKK,23,1,6,10,546,2023,4,28
Emirates,TLV,BKK,12,1,19,12,475,2023,4,29
EL AL,TLV,BKK,11,0,22,14,410,2023,4,29
Ryanair,TLV,BKK,29,3,22,8,321,2023,4,29
Royal Jordanian,TLV,BKK,10,1,0,15,418,2023,4,29
Emirates,TLV,BKK,12,1,19,12,465,2023,4,29
Thai Airways,TLV,BKK,11,0,22,14,629,2023,4,29
Air India,TLV,BKK,17,1,22,19,445,2023,4,29
Emirates,TLV,BKK,13,1,1,18,465,2023,4,29
Emirates,TLV,BKK,13,1,19,12,465,2023,4,29
Etihad Airways,TLV,BKK,14,1,14,8,474,2023,4,29
Emirates,TLV,BKK,14,1,12,7,465,2023,4,29
Emirates,TLV,BKK,15,1,23,18,465,2023,4,29
Emirates,TLV,BKK,19,1,19,18,465,2023,4,29
Emirates,TLV,BKK,19,1,12,12,465,2023,4,29
Emirates,TLV,BKK,20,1,12,12,465,2023,4,29
Ethiopian Air,TLV,BKK,17,1,15,13,487,2023,4,29
Emirates,TLV,BKK,14,1,13,7,506,2023,4,29
Emirates,TLV,BKK,13,1,19,12,475,2023,4,30
EL AL,TLV,BKK,11,0,22,14,411,2023,4,30
Aegean Airlines,TLV,BKK,18,2,10,8,365,2023,4,30
Arkia,TLV,BKK,20,2,7,8,369,2023,4,30
Royal Jordanian,TLV,BKK,10,1,0,15,420,2023,4,30
Aegean Airlines,TLV,BKK,19,2,10,9,375,2023,4,30
Emirates,TLV,BKK,13,1,19,12,461,2023,4,30
Emirates,TLV,BKK,14,1,12,7,461,2023,4,30
Thai Airways,TLV,BKK,11,0,22,14,629,2023,4,30
Arkia,TLV,BKK,22,2,7,9,380,2023,4,30
Air India,TLV,BKK,17,1,22,19,445,2023,4,30
Emirates,TLV,BKK,19,1,19,18,461,2023,4,30
Emirates,TLV,BKK,19,1,12,12,461,2023,4,30
Etihad Airways,TLV,BKK,14,1,14,8,474,2023,4,30
Emirates,TLV,BKK,13,1,1,18,502,2023,4,30
EL AL,TLV,BKK,21,2,7,8,407,2023,4,30
Emirates,TLV,BKK,12,1,19,12,475,2023,5,1
EL AL,TLV,BKK,11,0,22,14,409,2023,5,1
Multiple companies,TLV,BKK,40,3,20,17,341,2023,5,1
Etihad Airways,TLV,BKK,13,1,14,8,448,2023,5,1
Emirates,TLV,BKK,12,1,19,12,459,2023,5,1
Emirates,TLV,BKK,13,1,19,12,459,2023,5,1
Royal Jordanian,TLV,BKK,16,1,19,15,418,2023,5,1
Emirates,TLV,BKK,14,1,12,7,459,2023,5,1
Emirates,TLV,BKK,13,1,1,18,465,2023,5,1
Emirates,TLV,BKK,14,1,13,7,508,2023,5,1
Emirates,TLV,BKK,15,1,23,18,465,2023,5,1
Emirates,TLV,BKK,16,1,11,7,508,2023,5,1
Royal Jordanian,TLV,BKK,14,2,0,18,527,2023,5,1
Gulf Air,TLV,BKK,20,1,9,9,450,2023,5,1
Emirates,TLV,BKK,19,1,19,18,459,2023,5,1
Emirates,TLV,BKK,19,1,12,12,459,2023,5,1
Emirates,TLV,BKK,20,1,12,12,459,2023,5,1
Cathay Pacific,TLV,BKK,15,1,14,10,527,2023,5,2
EL AL,TLV,BKK,11,0,22,14,410,2023,5,2
Aegean Airlines,TLV,BKK,23,2,5,8,375,2023,5,2
Royal Jordanian,TLV,BKK,10,1,0,15,418,2023,5,2
Etihad Airways,TLV,BKK,14,1,14,8,414,2023,5,2
Emirates,TLV,BKK,12,1,19,12,460,2023,5,2
Emirates,TLV,BKK,13,1,19,12,460,2023,5,2
Emirates,TLV,BKK,13,1,1,18,460,2023,5,2
Emirates,TLV,BKK,14,1,12,7,460,2023,5,2
Emirates,TLV,BKK,14,1,13,7,500,2023,5,2
Cathay Pacific,TLV,BKK,15,1,14,10,507,2023,5,2
Gulf Air,TLV,BKK,17,2,17,15,383,2023,5,2
Air India,TLV,BKK,17,1,22,19,445,2023,5,2
Emirates,TLV,BKK,15,1,23,18,460,2023,5,2
Ethiopian Air,TLV,BKK,16,1,15,12,487,2023,5,2
Emirates,TLV,BKK,16,1,11,7,500,2023,5,2
Cathay Pacific,TLV,BKK,16,1,14,11,507,2023,5,2
Emirates,TLV,BKK,13,1,19,12,475,2023,5,3
EL AL,TLV,BKK,11,0,22,14,411,2023,5,3
Multiple companies,TLV,BKK,33,3,18,8,385,2023,5,3
Etihad Airways,TLV,BKK,14,1,14,8,414,2023,5,3
Emirates,TLV,BKK,12,1,19,12,461,2023,5,3
Emirates,TLV,BKK,13,1,19,12,461,2023,5,3
Royal Jordanian,TLV,BKK,16,1,19,15,418,2023,5,3
Emirates,TLV,BKK,14,1,12,7,461,2023,5,3
Emirates,TLV,BKK,13,1,1,18,465,2023,5,3
Emirates,TLV,BKK,14,1,13,7,507,2023,5,3
Emirates,TLV,BKK,15,1,23,18,465,2023,5,3
Emirates,TLV,BKK,16,1,11,7,507,2023,5,3
Turkish Airlines,TLV,BKK,14,1,12,6,702,2023,5,3
Emirates,TLV,BKK,19,1,19,18,461,2023,5,3
Emirates,TLV,BKK,19,1,12,12,461,2023,5,3
Emirates,TLV,BKK,20,1,12,12,461,2023,5,3
Emirates,TLV,BKK,18,1,13,12,507,2023,5,3
Emirates,TLV,BKK,12,1,19,12,475,2023,5,4
EL AL,TLV,BKK,11,0,22,14,410,2023,5,4
Royal Jordanian,TLV,BKK,10,1,0,15,418,2023,5,4
Etihad Airways,TLV,BKK,13,1,15,8,437,2023,5,4
Emirates,TLV,BKK,12,1,19,12,460,2023,5,4
Emirates,TLV,BKK,13,1,19,12,460,2023,5,4
Emirates,TLV,BKK,13,1,1,18,460,2023,5,4
Emirates,TLV,BKK,14,1,12,7,460,2023,5,4
Emirates,TLV,BKK,14,1,13,7,500,2023,5,4
Emirates,TLV,BKK,15,1,23,18,460,2023,5,4
Emirates,TLV,BKK,19,1,19,18,460,2023,5,4
Ethiopian Air,TLV,BKK,16,1,15,12,487,2023,5,4
Emirates,TLV,BKK,16,1,11,7,500,2023,5,4
Cathay Pacific,TLV,BKK,16,1,14,11,507,2023,5,4
Thai Airways,TLV,BKK,11,0,22,14,629,2023,5,4
Emirates,TLV,BKK,19,1,12,12,460,2023,5,4
Emirates,TLV,BKK,12,1,19,12,475,2023,5,5
Emirates,TLV,BKK,12,1,19,12,460,2023,5,5
Etihad Airways,TLV,BKK,14,1,14,8,414,2023,5,5
Emirates,TLV,BKK,13,1,19,12,460,2023,5,5
Royal Jordanian,TLV,BKK,16,1,19,15,418,2023,5,5
Emirates,TLV,BKK,14,1,12,7,460,2023,5,5
Emirates,TLV,BKK,13,1,1,18,464,2023,5,5
Emirates,TLV,BKK,14,1,13,7,507,2023,5,5
Emirates,TLV,BKK,19,1,19,18,460,2023,5,5
Emirates,TLV,BKK,15,1,23,18,464,2023,5,5
Emirates,TLV,BKK,16,1,11,7,507,2023,5,5
Emirates,TLV,BKK,19,1,12,12,460,2023,5,5
Emirates,TLV,BKK,20,1,12,12,460,2023,5,5
Emirates,TLV,BKK,18,1,13,12,507,2023,5,5
Emirates,TLV,BKK,19,1,13,12,507,2023,5,5
Emirates,TLV,BKK,21,1,11,12,507,2023,5,5
Emirates,TLV,BKK,12,1,19,12,475,2023,5,6
Royal Jordanian,TLV,BKK,10,1,0,15,418,2023,5,6
Ryanair,TLV,BKK,34,3,17,8,338,2023,5,6
EL AL,TLV,BKK,11,0,22,14,448,2023,5,6
Emirates,TLV,BKK,12,1,19,12,462,2023,5,6
Etihad Airways,TLV,BKK,14,1,14,8,414,2023,5,6
Emirates,TLV,BKK,13,1,19,12,462,2023,5,6
Emirates,TLV,BKK,14,1,12,7,462,2023,5,6
Emirates,TLV,BKK,13,1,1,18,465,2023,5,6
Emirates,TLV,BKK,15,1,23,18,465,2023,5,6
Emirates,TLV,BKK,14,1,13,7,507,2023,5,6
Thai Airways,TLV,BKK,11,0,22,14,707,2023,5,6
Air India,TLV,BKK,17,1,22,19,445,2023,5,6
Emirates,TLV,BKK,19,1,19,18,462,2023,5,6
Emirates,TLV,BKK,19,1,12,12,462,2023,5,6
Ethiopian Air,TLV,BKK,17,1,15,13,486,2023,5,6
Emirates,TLV,BKK,16,1,11,7,507,2023,5,6
Emirates,TLV,BKK,14,1,12,7,475,2023,5,7
EL AL,TLV,BKK,11,0,22,14,423,2023,5,7
Etihad Airways,TLV,BKK,14,1,14,8,437,2023,5,7
Emirates,TLV,BKK,14,1,12,7,475,2023,5,7
Emirates,TLV,BKK,13,1,1,18,517,2023,5,7
Emirates,TLV,BKK,15,1,23,18,517,2023,5,7
Emirates,TLV,BKK,12,1,19,12,615,2023,5,7
Emirates,TLV,BKK,13,1,19,12,615,2023,5,7
Emirates,TLV,BKK,14,1,13,7,615,2023,5,7
Air India,TLV,BKK,17,1,22,19,461,2023,5,7
Emirates,TLV,BKK,19,1,12,12,475,2023,5,7
Emirates,TLV,BKK,20,1,12,12,475,2023,5,7
Pegasus Airlines,TLV,BKK,19,2,6,6,562,2023,5,7
Emirates,TLV,BKK,16,1,11,7,615,2023,5,7
Emirates,TLV,BKK,26,1,12,18,475,2023,5,7
Ethiopian Air,TLV,BKK,22,1,10,12,504,2023,5,7
Emirates,TLV,BKK,13,1,19,12,475,2023,5,8
EL AL,TLV,BKK,11,0,22,14,411,2023,5,8
Multiple companies,TLV,BKK,42,3,20,19,375,2023,5,8
Etihad Airways,TLV,BKK,13,1,14,8,414,2023,5,8
Emirates,TLV,BKK,13,1,19,12,460,2023,5,8
Emirates,TLV,BKK,12,1,19,12,466,2023,5,8
Royal Jordanian,TLV,BKK,16,1,19,15,418,2023,5,8
Emirates,TLV,BKK,14,1,12,7,460,2023,5,8
Emirates,TLV,BKK,13,1,1,18,464,2023,5,8
Emirates,TLV,BKK,14,1,13,7,507,2023,5,8
Thai Airways,TLV,BKK,11,0,22,14,629,2023,5,8
Gulf Air,TLV,BKK,20,1,9,9,376,2023,5,8
Emirates,TLV,BKK,15,1,23,18,464,2023,5,8
Emirates,TLV,BKK,16,1,11,7,507,2023,5,8
Royal Jordanian,TLV,BKK,14,2,0,18,527,2023,5,8
Turkish Airlines,TLV,BKK,14,1,12,6,692,2023,5,8
Emirates,TLV,BKK,19,1,19,18,460,2023,5,8
Emirates,TLV,BKK,12,1,19,12,475,2023,5,9
EL AL,TLV,BKK,11,0,22,14,407,2023,5,9
Arkia,TLV,BKK,32,2,7,19,343,2023,5,9
Royal Jordanian,TLV,BKK,10,1,0,15,418,2023,5,9
Emirates,TLV,BKK,12,1,19,12,456,2023,5,9
Etihad Airways,TLV,BKK,14,1,14,8,414,2023,5,9
Emirates,TLV,BKK,13,1,19,12,456,2023,5,9
Emirates,TLV,BKK,14,1,12,7,456,2023,5,9
Emirates,TLV,BKK,13,1,1,18,465,2023,5,9
Emirates,TLV,BKK,15,1,23,18,465,2023,5,9
Emirates,TLV,BKK,14,1,13,7,507,2023,5,9
Thai Airways,TLV,BKK,11,0,22,14,629,2023,5,9
Gulf Air,TLV,BKK,17,2,17,15,383,2023,5,9
Air India,TLV,BKK,17,1,22,19,445,2023,5,9
Emirates,TLV,BKK,19,1,19,18,456,2023,5,9
Ethiopian Air,TLV,BKK,16,1,15,12,486,2023,5,9
Cathay Pacific,TLV,BKK,16,1,14,11,503,2023,5,9
Emirates,TLV,BKK,13,1,1,18,475,2023,5,10
EL AL,TLV,BKK,11,0,22,14,411,2023,5,10
Multiple companies,TLV,BKK,33,3,18,8,405,2023,5,10
Etihad Airways,TLV,BKK,14,1,14,8,414,2023,5,10
Emirates,TLV,BKK,12,1,19,12,542,2023,5,10
Royal Jordanian,TLV,BKK,16,1,19,15,418,2023,5,10
Emirates,TLV,BKK,13,1,1,18,461,2023,5,10
Emirates,TLV,BKK,14,1,12,7,461,2023,5,10
Emirates,TLV,BKK,14,1,13,7,501,2023,5,10
Emirates,TLV,BKK,13,1,19,12,533,2023,5,10
Emirates,TLV,BKK,15,1,23,18,461,2023,5,10
Emirates,TLV,BKK,16,1,11,7,501,2023,5,10
Turkish Airlines,TLV,BKK,14,1,12,6,702,2023,5,10
Emirates,TLV,BKK,19,1,12,12,461,2023,5,10
Emirates,TLV,BKK,20,1,12,12,461,2023,5,10
Emirates,TLV,BKK,18,1,13,12,501,2023,5,10
Emirates,TLV,BKK,19,1,13,12,501,2023,5,10
Emirates,TLV,BKK,12,1,19,12,475,2023,5,21
EL AL,TLV,BKK,11,0,22,14,410,2023,5,21
Arkia,TLV,BKK,31,2,7,19,368,2023,5,21
Arkia,TLV,BKK,20,2,7,8,380,2023,5,21
Etihad Airways,TLV,BKK,14,1,14,8,414,2023,5,21
Emirates,TLV,BKK,12,1,19,12,459,2023,5,21
Emirates,TLV,BKK,13,1,19,12,459,2023,5,21
Air India,TLV,BKK,17,1,22,19,445,2023,5,21
Emirates,TLV,BKK,14,1,12,7,459,2023,5,21
Emirates,TLV,BKK,19,1,19,18,459,2023,5,21
Cathay Pacific,TLV,BKK,15,1,14,10,506,2023,5,21
Cathay Pacific,TLV,BKK,16,1,14,11,506,2023,5,21
EL AL,TLV,BKK,21,2,7,8,418,2023,5,21
BlueBird Airways,TLV,BKK,20,2,8,8,435,2023,5,21
Emirates,TLV,BKK,19,1,12,12,459,2023,5,21
Emirates,TLV,BKK,20,1,12,12,459,2023,5,21
Emirates,TLV,BKK,26,1,12,18,464,2023,5,21
Emirates,TLV,BKK,13,1,19,12,475,2023,5,22
EL AL,TLV,BKK,11,0,22,14,410,2023,5,22
Gulf Air,TLV,BKK,20,1,9,9,386,2023,5,22
Etihad Airways,TLV,BKK,13,1,14,8,414,2023,5,22
Royal Jordanian,TLV,BKK,16,1,19,15,418,2023,5,22
Emirates,TLV,BKK,13,1,19,12,459,2023,5,22
Emirates,TLV,BKK,14,1,12,7,459,2023,5,22
Royal Jordanian,TLV,BKK,26,1,8,15,418,2023,5,22
Emirates,TLV,BKK,19,1,19,18,459,2023,5,22
Emirates,TLV,BKK,20,1,12,12,459,2023,5,22
Ethiopian Air,TLV,BKK,23,1,10,13,486,2023,5,22
Emirates,TLV,BKK,12,1,19,12,540,2023,5,22
Turkish Airlines,TLV,BKK,14,1,12,6,700,2023,5,22
Emirates,TLV,BKK,26,1,12,18,464,2023,5,22
Arkia,TLV,BKK,24,2,9,13,521,2023,5,22
Royal Jordanian,TLV,BKK,14,2,0,18,527,2023,5,22
Emirates,TLV,BKK,12,1,19,12,475,2023,5,23
EL AL,TLV,BKK,11,0,22,14,413,2023,5,23
Gulf Air,TLV,BKK,17,2,17,15,383,2023,5,23
Etihad Airways,TLV,BKK,14,1,14,8,414,2023,5,23
Royal Jordanian,TLV,BKK,10,1,0,15,418,2023,5,23
Emirates,TLV,BKK,12,1,19,12,464,2023,5,23
Air India,TLV,BKK,17,1,22,19,445,2023,5,23
Emirates,TLV,BKK,14,1,12,7,464,2023,5,23
Thai Airways,TLV,BKK,11,0,22,14,628,2023,5,23
Emirates,TLV,BKK,13,1,19,12,464,2023,5,23
Emirates,TLV,BKK,19,1,19,18,464,2023,5,23
Emirates,TLV,BKK,19,1,12,12,464,2023,5,23
Emirates,TLV,BKK,20,1,12,12,464,2023,5,23
Ethiopian Air,TLV,BKK,16,1,15,12,486,2023,5,23
Cathay Pacific,TLV,BKK,15,1,14,10,512,2023,5,23
Cathay Pacific,TLV,BKK,16,1,14,11,512,2023,5,23
Emirates,TLV,BKK,13,1,19,12,475,2023,5,24
EL AL,TLV,BKK,11,0,22,14,410,2023,5,24
Etihad Airways,TLV,BKK,14,1,14,8,414,2023,5,24
Emirates,TLV,BKK,12,1,19,12,460,2023,5,24
Thai Airways,TLV,BKK,11,0,22,14,628,2023,5,24
Royal Jordanian,TLV,BKK,16,1,19,15,418,2023,5,24
Emirates,TLV,BKK,13,1,19,12,460,2023,5,24
Emirates,TLV,BKK,14,1,12,7,460,2023,5,24
EL AL,TLV,BKK,15,1,23,19,564,2023,5,24
Emirates,TLV,BKK,19,1,19,18,460,2023,5,24
Emirates,TLV,BKK,19,1,12,12,460,2023,5,24
Emirates,TLV,BKK,20,1,12,12,460,2023,5,24
Ethiopian Air,TLV,BKK,23,1,10,13,486,2023,5,24
Royal Jordanian,TLV,BKK,17,2,8,6,531,2023,5,24
Pegasus Airlines,TLV,BKK,19,2,6,6,538,2023,5,24
EL AL,TLV,BKK,17,2,13,11,550,2023,5,24
Emirates,TLV,BKK,12,1,19,12,475,2023,5,25
Etihad Airways,TLV,BKK,13,1,15,8,437,2023,5,25
Royal Jordanian,TLV,BKK,10,1,0,15,444,2023,5,25
Emirates,TLV,BKK,12,1,19,12,475,2023,5,25
Emirates,TLV,BKK,14,1,12,7,475,2023,5,25
Emirates,TLV,BKK,13,1,19,12,475,2023,5,25
Emirates,TLV,BKK,19,1,19,18,475,2023,5,25
Ethiopian Air,TLV,BKK,16,1,15,12,504,2023,5,25
Cathay Pacific,TLV,BKK,15,1,14,10,527,2023,5,25
Emirates,TLV,BKK,19,1,12,12,475,2023,5,25
Emirates,TLV,BKK,20,1,12,12,475,2023,5,25
Cathay Pacific,TLV,BKK,16,1,14,11,527,2023,5,25
Emirates,TLV,BKK,26,1,12,18,475,2023,5,25
Emirates,TLV,BKK,32,1,19,7,475,2023,5,25
Ethiopian Air,TLV,BKK,31,1,1,12,504,2023,5,25
Cathay Pacific,TLV,BKK,21,1,14,16,527,2023,5,25
Emirates,TLV,BKK,13,1,19,12,475,2023,5,26
Etihad Airways,TLV,BKK,14,1,14,8,437,2023,5,26
Emirates,TLV,BKK,13,1,19,12,475,2023,5,26
Royal Jordanian,TLV,BKK,16,1,19,15,444,2023,5,26
Emirates,TLV,BKK,13,1,1,18,475,2023,5,26
Emirates,TLV,BKK,14,1,12,7,475,2023,5,26
Emirates,TLV,BKK,15,1,23,18,475,2023,5,26
Emirates,TLV,BKK,14,1,13,7,517,2023,5,26
Emirates,TLV,BKK,12,1,19,12,559,2023,5,26
Emirates,TLV,BKK,19,1,19,18,475,2023,5,26
Emirates,TLV,BKK,19,1,12,12,475,2023,5,26
Emirates,TLV,BKK,20,1,12,12,475,2023,5,26
Emirates,TLV,BKK,25,1,1,7,475,2023,5,26
Ethiopian Air,TLV,BKK,23,1,10,13,504,2023,5,26
Emirates,TLV,BKK,16,1,11,7,517,2023,5,26
Emirates,TLV,BKK,18,1,13,12,517,2023,5,26
Emirates,TLV,BKK,12,1,19,12,475,2023,5,27
Etihad Airways,TLV,BKK,14,1,14,8,437,2023,5,27
EL AL,TLV,BKK,11,0,22,14,456,2023,5,27
Royal Jordanian,TLV,BKK,10,1,0,15,444,2023,5,27
Emirates,TLV,BKK,12,1,19,12,475,2023,5,27
Thai Airways,TLV,BKK,11,0,22,14,727,2023,5,27
Emirates,TLV,BKK,13,1,1,18,475,2023,5,27
Emirates,TLV,BKK,13,1,19,12,475,2023,5,27
Emirates,TLV,BKK,14,1,12,7,475,2023,5,27
Air India,TLV,BKK,17,1,22,19,461,2023,5,27
Emirates,TLV,BKK,15,1,23,18,475,2023,5,27
Emirates,TLV,BKK,19,1,19,18,475,2023,5,27
Emirates,TLV,BKK,19,1,12,12,475,2023,5,27
Emirates,TLV,BKK,20,1,12,12,475,2023,5,27
Emirates,TLV,BKK,26,1,12,18,475,2023,5,27
Emirates,TLV,BKK,30,1,1,12,475,2023,5,27
Emirates,TLV,BKK,12,1,19,12,475,2023,5,28
EL AL,TLV,BKK,11,0,22,14,413,2023,5,28
BlueBird Airways,TLV,BKK,20,2,8,8,359,2023,5,28
Etihad Airways,TLV,BKK,14,1,14,8,380,2023,5,28
BlueBird Airways,TLV,BKK,21,2,8,9,359,2023,5,28
Emirates,TLV,BKK,12,1,19,12,463,2023,5,28
Emirates,TLV,BKK,13,1,19,12,463,2023,5,28
Emirates,TLV,BKK,14,1,12,7,463,2023,5,28
Thai Airways,TLV,BKK,11,0,22,14,628,2023,5,28
Hahn Air Systems,TLV,BKK,20,2,8,8,392,2023,5,28
Air India,TLV,BKK,17,1,22,19,445,2023,5,28
Emirates,TLV,BKK,19,1,19,18,463,2023,5,28
Emirates,TLV,BKK,19,1,12,12,463,2023,5,28
Emirates,TLV,BKK,20,1,12,12,463,2023,5,28
Emirates,TLV,BKK,15,1,23,18,465,2023,5,28
Emirates,TLV,BKK,13,1,1,18,507,2023,5,28
Emirates,TLV,BKK,12,1,19,12,475,2023,5,29
EL AL,TLV,BKK,11,0,22,14,408,2023,5,29
Multiple companies,TLV,BKK,42,3,20,19,319,2023,5,29
Gulf Air,TLV,BKK,20,1,9,9,376,2023,5,29
Etihad Airways,TLV,BKK,13,1,14,8,414,2023,5,29
Royal Jordanian,TLV,BKK,16,1,19,15,418,2023,5,29
Emirates,TLV,BKK,12,1,19,12,458,2023,5,29
Emirates,TLV,BKK,13,1,19,12,458,2023,5,29
Thai Airways,TLV,BKK,11,0,22,14,628,2023,5,29
Royal Jordanian,TLV,BKK,26,1,8,15,418,2023,5,29
Emirates,TLV,BKK,14,1,12,7,458,2023,5,29
Emirates,TLV,BKK,19,1,19,18,458,2023,5,29
Emirates,TLV,BKK,19,1,12,12,458,2023,5,29
Emirates,TLV,BKK,13,1,1,18,465,2023,5,29
Emirates,TLV,BKK,15,1,23,18,465,2023,5,29
Emirates,TLV,BKK,20,1,12,12,458,2023,5,29
Ethiopian Air,TLV,BKK,23,1,10,13,486,2023,5,29
Emirates,TLV,BKK,12,1,19,12,475,2023,5,30
EL AL,TLV,BKK,11,0,22,14,413,2023,5,30
Arkia,TLV,BKK,32,2,7,19,349,2023,5,30
Royal Jordanian,TLV,BKK,10,1,0,15,418,2023,5,30
Gulf Air,TLV,BKK,17,2,17,15,383,2023,5,30
Etihad Airways,TLV,BKK,14,1,14,8,414,2023,5,30
Emirates,TLV,BKK,12,1,19,12,465,2023,5,30
Emirates,TLV,BKK,13,1,1,18,465,2023,5,30
Emirates,TLV,BKK,13,1,19,12,465,2023,5,30
Multiple companies,TLV,BKK,14,2,13,7,440,2023,5,30
Air India,TLV,BKK,17,1,22,19,445,2023,5,30
Emirates,TLV,BKK,14,1,12,7,465,2023,5,30
Emirates,TLV,BKK,15,1,23,18,465,2023,5,30
Emirates,TLV,BKK,19,1,19,18,465,2023,5,30
Emirates,TLV,BKK,19,1,12,12,465,2023,5,30
Emirates,TLV,BKK,20,1,12,12,465,2023,5,30
Ethiopian Air,TLV,BKK,16,1,15,12,486,2023,5,30
Emirates,TLV,BKK,12,1,19,12,475,2023,5,31
EL AL,TLV,BKK,11,0,22,14,409,2023,5,31
Multiple companies,TLV,BKK,38,2,10,4,312,2023,5,31
Etihad Airways,TLV,BKK,14,1,14,8,380,2023,5,31
Emirates,TLV,BKK,12,1,19,12,459,2023,5,31
Emirates,TLV,BKK,13,1,19,13,459,2023,5,31
Royal Jordanian,TLV,BKK,16,1,19,15,418,2023,5,31
Emirates,TLV,BKK,13,1,1,18,459,2023,5,31
Emirates,TLV,BKK,14,1,12,7,459,2023,5,31
Thai Airways,TLV,BKK,11,0,22,14,628,2023,5,31
Emirates,TLV,BKK,15,1,23,19,459,2023,5,31
Emirates,TLV,BKK,19,1,19,19,459,2023,5,31
Emirates,TLV,BKK,14,1,13,7,540,2023,5,31
Emirates,TLV,BKK,16,1,11,7,540,2023,5,31
Emirates,TLV,BKK,19,1,12,12,459,2023,5,31
Emirates,TLV,BKK,20,1,12,13,459,2023,5,31
Ethiopian Air,TLV,BKK,23,1,10,13,486,2023,5,31
Emirates,TLV,BKK,12,1,19,12,475,2023,6,1
EL AL,TLV,BKK,11,0,22,14,413,2023,6,1
Multiple companies,TLV,BKK,38,2,10,4,317,2023,6,1
Etihad Airways,TLV,BKK,13,1,15,8,414,2023,6,1
Royal Jordanian,TLV,BKK,10,1,0,15,418,2023,6,1
Emirates,TLV,BKK,12,1,19,12,464,2023,6,1
Emirates,TLV,BKK,13,1,19,13,464,2023,6,1
Emirates,TLV,BKK,13,1,1,19,464,2023,6,1
Emirates,TLV,BKK,14,1,13,7,464,2023,6,1
Emirates,TLV,BKK,14,1,12,7,464,2023,6,1
Cathay Pacific,TLV,BKK,15,1,14,10,511,2023,6,1
Thai Airways,TLV,BKK,11,0,22,14,628,2023,6,1
Gulf Air,TLV,BKK,19,2,16,15,456,2023,6,1
Emirates,TLV,BKK,15,1,23,19,464,2023,6,1
Emirates,TLV,BKK,16,1,11,7,464,2023,6,1
Ethiopian Air,TLV,BKK,16,1,15,12,486,2023,6,1
Cathay Pacific,TLV,BKK,16,1,14,11,511,2023,6,1
